fire_id,year,month,day,lat,long,acres_burned,na_l3name,na_l2name,na_l1name,yearmonth,mean_potential_et,total_precip,max_air_temp,mean_wind_speed
CA3432711813620090826,2009,Aug,26,34.327,-118.13600000000001,165368,Southern and Baja California Pine-Oak Mountains,MEDITERRANEAN CALIFORNIA,MEDITERRANEAN CALIFORNIA,2009-08,6.5957964811419405,0.7869594118602091,304.092130075721,2.9768591620047498
ID4310411315820060815,2006,Aug,15,43.104,-113.15799999999999,218581,Snake River Plain,COLD DESERTS,NORTH AMERICAN DESERTS,2006-08,5.84688547230322,3.56761595904914,302.9681360124,2.97693022320136
ID4321811283820000726,2000,July,26,43.218,-112.838,73479,Snake River Plain,COLD DESERTS,NORTH AMERICAN DESERTS,2000-07,6.81637242190826,5.24723159485868,305.123961664087,3.11249992196689
NV4048211779820010812,2001,Aug,12,40.482,-117.79799999999999,76332,Central Basin and Range,COLD DESERTS,NORTH AMERICAN DESERTS,2001-08,6.31849336436903,11.2856531030351,305.67891542544896,2.97759559155244
NV4192111742519960826,1996,Aug,26,41.92100000000001,-117.425,58737,Northern Basin and Range,COLD DESERTS,NORTH AMERICAN DESERTS,1996-08,5.84364236536223,5.746714972538951,302.346471184267,3.20841660158381
OR4363411935219900806,1990,Aug,6,43.63399999999999,-119.352,71143,Blue Mountains,WESTERN CORDILLERA,NORTHWESTERN FORESTED MOUNTAINS,1990-08,4.9254883056753,31.4100032498589,299.340818727191,2.8374955943224003
OR4487312131019960810,1996,Aug,10,44.873000000000005,-121.31,118466,Blue Mountains,WESTERN CORDILLERA,NORTHWESTERN FORESTED MOUNTAINS,1996-08,5.478796675348719,8.10195275093469,300.682909078875,3.2239323026356805
WA4642711956919840812,1984,Aug,12,46.427,-119.569,122914,Columbia Plateau,COLD DESERTS,NORTH AMERICAN DESERTS,1984-08,5.66004397725895,8.24355188143945,302.655093434124,3.3403843600845
WA4667912005019960814,1996,Aug,14,46.678999999999995,-120.05,72859,Columbia Plateau,COLD DESERTS,NORTH AMERICAN DESERTS,1996-08,5.59887198437142,2.35165228442767,302.781961189951,3.4048662215335397
CA3433511879220031025,2003,Oct,25,34.335,-118.792,107756,"California Coastal Sage, Chaparral, and Oak Woodlands",MEDITERRANEAN CALIFORNIA,MEDITERRANEAN CALIFORNIA,2003-10,4.0167985313706405,2.69314545408422,300.654870996638,3.2273549176886402
CA3534412027619960815,1996,Aug,15,35.344,-120.27600000000001,94698,"California Coastal Sage, Chaparral, and Oak Woodlands",MEDITERRANEAN CALIFORNIA,MEDITERRANEAN CALIFORNIA,1996-08,6.540561588562451,0.115924949196833,306.458562418928,3.2276682265383703
CA3593011818220000722,2000,July,22,35.93,-118.182,76158,Sierra Nevada,WESTERN CORDILLERA,NORTHWESTERN FORESTED MOUNTAINS,2000-07,6.0887215423078205,0.531665678856045,298.42533017025903,2.9117019123280095
CA3791311981819960814,1996,Aug,14,37.913000000000004,-119.818,58161,Sierra Nevada,WESTERN CORDILLERA,NORTHWESTERN FORESTED MOUNTAINS,1996-08,5.78479216786624,4.28471961598554,300.461325073961,2.8399627366958202
GA3111308242720070416,2007,April,16,31.113000000000003,-82.427,52495,Southern Coastal Plain,MISSISSIPPI ALLUVIAL AND SOUTHEAST USA COASTAL PLAINS,EASTERN TEMPERATE FORESTS,2007-04,5.31263156225455,45.405230917988796,299.916664718501,4.21751618534869
NV4074311759720010831,2001,Aug,31,40.743,-117.59700000000001,55255,Central Basin and Range,COLD DESERTS,NORTH AMERICAN DESERTS,2001-08,6.31849336436903,11.2856531030351,305.67891542544896,2.97759559155244
OR4300511753819860810,1986,Aug,10,43.005,-117.538,65309,Northern Basin and Range,COLD DESERTS,NORTH AMERICAN DESERTS,1986-08,5.81857208457685,8.69285375695774,303.291891781184,2.89447738963566
OR4312211758119960730,1996,July,30,43.122,-117.581,56721,Northern Basin and Range,COLD DESERTS,NORTH AMERICAN DESERTS,1996-07,6.488959154716659,8.619855489726241,303.582184795324,2.89936288836798
OR4320311927919850707,1985,July,7,43.203,-119.279,50919,Northern Basin and Range,COLD DESERTS,NORTH AMERICAN DESERTS,1985-07,6.5837466227902,22.921542866700698,303.99523096965197,2.9338144681006098
OR4541311664220070713,2007,July,13,45.413000000000004,-116.64200000000001,79114,Blue Mountains,WESTERN CORDILLERA,NORTHWESTERN FORESTED MOUNTAINS,2007-07,6.58267708752085,6.09054403851472,303.866532458383,2.99103521440786
UT3925610955720020620,2002,June,20,39.256,-109.557,87396,Colorado Plateaus,COLD DESERTS,NORTH AMERICAN DESERTS,2002-06,7.85257785946921,2.66723136862395,304.805845675171,3.8689737545170804
AZ3243311077720030617,2003,June,17,32.433,-110.777,79707,Madrean Archipelago,WESTERN SIERRA MADRE PIEDMONT,SOUTHERN SEMI-ARID HIGHLANDS,2003-06,8.5036644679171,3.50746451514617,307.240259453063,4.09615866083987
CA3461511897120060904,2006,Sept,4,34.615,-118.971,159713,Southern and Baja California Pine-Oak Mountains,MEDITERRANEAN CALIFORNIA,MEDITERRANEAN CALIFORNIA,2006-09,5.43533530622254,4.68224662463991,301.209465225979,3.12655517674269
CA3508611531720050622,2005,June,22,35.086,-115.31700000000001,69967,Mojave Basin and Range,WARM DESERTS,NORTH AMERICAN DESERTS,2005-06,8.49767177736911,2.04854116011536,306.043846830384,4.19065287430392
CO3922010528720020608,2002,June,8,39.22,-105.287,129417,Southern Rockies,WESTERN CORDILLERA,NORTHWESTERN FORESTED MOUNTAINS,2002-06,6.39015016600406,14.034997969488401,297.81715447669603,3.9536317242330803
FL2623708064719990419,1999,April,19,26.237,-80.64699999999999,171317,Southern Florida Coastal Plain,EVERGLADES,TROPICAL WET FORESTS,1999-04,5.433704335960241,47.01019540503489,303.832169856475,3.21532289568121
FL2991908306120010528,2001,May,28,29.919,-83.061,59179,Southern Coastal Plain,MISSISSIPPI ALLUVIAL AND SOUTHEAST USA COASTAL PLAINS,EASTERN TEMPERATE FORESTS,2001-05,5.74944182137334,43.1904062885455,303.837100726616,3.55475545404218
FL3054608239119990521,1999,May,21,30.546,-82.391,75089,Southern Coastal Plain,MISSISSIPPI ALLUVIAL AND SOUTHEAST USA COASTAL PLAINS,EASTERN TEMPERATE FORESTS,1999-05,5.455266146246519,79.0923740318947,303.195378012493,3.43533103748326
GA3067208246020070425,2007,April,25,30.671999999999997,-82.46,330706,Southern Coastal Plain,MISSISSIPPI ALLUVIAL AND SOUTHEAST USA COASTAL PLAINS,EASTERN TEMPERATE FORESTS,2007-04,5.31263156225455,45.405230917988796,299.916664718501,4.21751618534869
GA3068508231820020503,2002,May,3,30.685,-82.318,108894,Southern Coastal Plain,MISSISSIPPI ALLUVIAL AND SOUTHEAST USA COASTAL PLAINS,EASTERN TEMPERATE FORESTS,2002-05,5.81042244963009,56.49695805011579,303.922801743054,4.11382633323863
GA3094108231320070505,2007,May,5,30.941,-82.31299999999999,215381,Southern Coastal Plain,MISSISSIPPI ALLUVIAL AND SOUTHEAST USA COASTAL PLAINS,EASTERN TEMPERATE FORESTS,2007-05,6.0205225429550095,30.509526655714698,302.963680809538,4.4363565988932905
ID4213811276820060805,2006,Aug,5,42.138000000000005,-112.76799999999999,50677,Northern Basin and Range,COLD DESERTS,NORTH AMERICAN DESERTS,2006-08,5.86098501870518,4.72925380787472,301.123302446577,3.1591475849361603
ID4266811529419860810,1986,Aug,10,42.668,-115.294,62445,Northern Basin and Range,COLD DESERTS,NORTH AMERICAN DESERTS,1986-08,5.81857208457685,8.69285375695774,303.291891781184,2.89447738963566
ID4475111519220000811,2000,Aug,11,44.751000000000005,-115.19200000000001,53790,Idaho Batholith,WESTERN CORDILLERA,NORTHWESTERN FORESTED MOUNTAINS,2000-08,5.57048445206154,8.83004036894558,298.55033834669,3.5555682880597996
ID4554811559420070713,2007,July,13,45.548,-115.594,102523,Idaho Batholith,WESTERN CORDILLERA,NORTHWESTERN FORESTED MOUNTAINS,2007-07,6.3123258883676305,12.0425455182497,302.080239828583,2.99525476621445
WA4596412011120000823,2000,Aug,23,45.964,-120.111,90184,Columbia Plateau,COLD DESERTS,NORTH AMERICAN DESERTS,2000-08,5.79477826910284,0.5532843289746461,302.299667950726,3.46683363195925
ID4351911570619920819,1992,Aug,19,43.519,-115.706,228631,Idaho Batholith,WESTERN CORDILLERA,NORTHWESTERN FORESTED MOUNTAINS,1992-08,5.18004579529859,12.416666095534598,297.62798465208,3.3738993116744305
ID4540111516420000731,2000,July,31,45.401,-115.164,90611,Idaho Batholith,WESTERN CORDILLERA,NORTHWESTERN FORESTED MOUNTAINS,2000-07,5.90611026539886,10.4994151676704,298.780040356316,3.08895973847892
KS3848709654320140326,2014,March,26,38.501,-96.51799999999999,66147,Flint Hills,SOUTH CENTRAL SEMI-ARID PRAIRIES,GREAT PLAINS,2014-03,3.3440260861955102,18.1936652962887,286.091732996967,5.66440967237343
NM3341610797320030428,2003,April,28,33.416,-107.973,56796,Arizona/New Mexico Mountains,UPPER GILA MOUNTAINS,TEMPERATE SIERRAS,2003-04,5.2549811119424295,8.06348425831941,290.930662225959,5.5664275336765705
NV4034111594019990805,1999,Aug,5,40.341,-115.94,183908,Central Basin and Range,COLD DESERTS,NORTH AMERICAN DESERTS,1999-08,6.021000846569099,20.202719116245802,302.42454280314,3.48226241526636
NV4050111851919990804,1999,Aug,4,40.501,-118.51899999999999,236451,Central Basin and Range,COLD DESERTS,NORTH AMERICAN DESERTS,1999-08,6.021000846569099,20.202719116245802,302.42454280314,3.48226241526636
AZ3154111115820110530,2011,May,30,31.464000000000002,-111.12,64407,Madrean Archipelago,WESTERN SIERRA MADRE PIEDMONT,SOUTHERN SEMI-ARID HIGHLANDS,2011-05,7.64811108419475,0.453501871755816,300.876067225034,4.67241698550368
AZ3182010921120110508,2011,May,8,31.906999999999996,-109.275,226079,Madrean Archipelago,WESTERN SIERRA MADRE PIEDMONT,SOUTHERN SEMI-ARID HIGHLANDS,2011-05,7.64811108419475,0.453501871755816,300.876067225034,4.67241698550368
AZ3266111295120050617,2005,June,17,32.661,-112.95100000000001,65148,Sonoran Desert,WARM DESERTS,NORTH AMERICAN DESERTS,2005-06,8.85443306905474,0.435337345764337,311.075686739233,3.61688647812025
AZ3341710997520140419,2014,April,19,33.45,-110.046,73774,Arizona/New Mexico Mountains,UPPER GILA MOUNTAINS,TEMPERATE SIERRAS,2014-04,5.35670142822749,10.026246390514801,291.90250063866404,5.24713125062962
AZ3360210944920110529,2011,May,29,33.799,-109.25299999999999,563664,Arizona/New Mexico Mountains,UPPER GILA MOUNTAINS,TEMPERATE SIERRAS,2011-05,6.60648001659934,9.78105311907647,294.950023719862,5.583258401192549
AZ3368911131719960427,1996,April,27,33.689,-111.31700000000001,60574,Arizona/New Mexico Mountains,UPPER GILA MOUNTAINS,TEMPERATE SIERRAS,1996-04,5.633778339634089,3.7265053829015296,293.515083218063,4.83058721740268
AZ3379211140020050716,2005,July,16,33.792,-111.4,69291,Arizona/New Mexico Mountains,UPPER GILA MOUNTAINS,TEMPERATE SIERRAS,2005-07,6.9695801273490705,39.1665402428032,304.763673763863,3.50772144303558
AZ3410911149820040624,2004,June,24,34.109,-111.49799999999999,118494,Arizona/New Mexico Mountains,UPPER GILA MOUNTAINS,TEMPERATE SIERRAS,2004-06,7.7173296141196595,9.387324014173759,302.20420958766204,4.3167335338893995
AZ3423311046320020618,2002,June,18,34.233000000000004,-110.463,461774,Arizona/New Mexico Mountains,UPPER GILA MOUNTAINS,TEMPERATE SIERRAS,2002-06,8.22575262520899,4.22426366382496,304.650309295891,4.45848630422259
AZ3424311187720050621,2005,June,21,34.243,-111.87700000000001,246143,Arizona/New Mexico Mountains,UPPER GILA MOUNTAINS,TEMPERATE SIERRAS,2005-06,7.52221761675808,7.15281989071199,301.627748603925,4.57146651748497
AZ3662511217320060608,2006,June,8,36.625,-112.17299999999999,58255,Arizona/New Mexico Mountains,UPPER GILA MOUNTAINS,TEMPERATE SIERRAS,2006-06,7.447769509255919,20.923616923800896,303.54365968229,3.7574407440989397
CA3264611677120071021,2007,Oct,21,32.646,-116.771,90443,"California Coastal Sage, Chaparral, and Oak Woodlands",MEDITERRANEAN CALIFORNIA,MEDITERRANEAN CALIFORNIA,2007-10,3.3905580378093902,29.4158245595747,296.420248709784,3.3438675151350803
CA3293911676620031025,2003,Oct,25,32.939,-116.766,268362,"California Coastal Sage, Chaparral, and Oak Woodlands",MEDITERRANEAN CALIFORNIA,MEDITERRANEAN CALIFORNIA,2003-10,4.0167985313706405,2.69314545408422,300.654870996638,3.2273549176886402
CA3307911676620071021,2007,Oct,21,33.079,-116.766,167551,"California Coastal Sage, Chaparral, and Oak Woodlands",MEDITERRANEAN CALIFORNIA,MEDITERRANEAN CALIFORNIA,2007-10,3.3905580378093902,29.4158245595747,296.420248709784,3.3438675151350803
CA3314611657420020729,2002,July,29,33.146,-116.574,65407,Southern and Baja California Pine-Oak Mountains,MEDITERRANEAN CALIFORNIA,MEDITERRANEAN CALIFORNIA,2002-07,7.28208999285886,1.22565977179139,305.108194960149,3.17879263562936
CA3320411691620031026,2003,Oct,26,33.204,-116.916,55995,"California Coastal Sage, Chaparral, and Oak Woodlands",MEDITERRANEAN CALIFORNIA,MEDITERRANEAN CALIFORNIA,2003-10,4.0167985313706405,2.69314545408422,300.654870996638,3.2273549176886402
CA3411411662020060709,2006,July,9,34.114000000000004,-116.62,86585,Southern and Baja California Pine-Oak Mountains,MEDITERRANEAN CALIFORNIA,MEDITERRANEAN CALIFORNIA,2006-07,7.07055729845392,6.878524413234629,306.118650358381,3.0739543435692798
CA3418611747320031021,2003,Oct,21,34.186,-117.473,50799,Southern and Baja California Pine-Oak Mountains,MEDITERRANEAN CALIFORNIA,MEDITERRANEAN CALIFORNIA,2003-10,4.08427774038207,4.10874378142918,299.113158228499,2.86480317992458
CA3424711728420031025,2003,Oct,25,34.247,-117.28399999999999,90180,Southern and Baja California Pine-Oak Mountains,MEDITERRANEAN CALIFORNIA,MEDITERRANEAN CALIFORNIA,2003-10,4.08427774038207,4.10874378142918,299.113158228499,2.86480317992458
CA3434511710619990828,1999,Aug,28,34.345,-117.10600000000001,63525,Southern and Baja California Pine-Oak Mountains,MEDITERRANEAN CALIFORNIA,MEDITERRANEAN CALIFORNIA,1999-08,6.34916497564791,1.88869483067137,303.54145170521195,2.9090799246627004
CA3448011886120031023,2003,Oct,23,34.48,-118.861,63920,Southern and Baja California Pine-Oak Mountains,MEDITERRANEAN CALIFORNIA,MEDITERRANEAN CALIFORNIA,2003-10,4.08427774038207,4.10874378142918,299.113158228499,2.86480317992458
CA3451011935419850701,1985,July,1,34.51,-119.354,126854,Southern and Baja California Pine-Oak Mountains,MEDITERRANEAN CALIFORNIA,MEDITERRANEAN CALIFORNIA,1985-07,7.0590980714138,16.596532575732997,305.059064935934,3.01228816502841
CA3469511965920070704,2007,July,4,34.695,-119.65899999999999,241846,Southern and Baja California Pine-Oak Mountains,MEDITERRANEAN CALIFORNIA,MEDITERRANEAN CALIFORNIA,2007-07,7.21235148774948,0.966617004781456,305.078700325402,3.05333533420147
CA3493612002720090808,2009,Aug,8,34.936,-120.027,84213,Southern and Baja California Pine-Oak Mountains,MEDITERRANEAN CALIFORNIA,MEDITERRANEAN CALIFORNIA,2009-08,6.5957964811419405,0.7869594118602091,304.092130075721,2.9768591620047498
CA3528712050619850701,1985,July,1,35.287,-120.506,75841,"California Coastal Sage, Chaparral, and Oak Woodlands",MEDITERRANEAN CALIFORNIA,MEDITERRANEAN CALIFORNIA,1985-07,7.21972038917624,1.56431592872829,306.27686769470904,3.47162043877163
CA3606612146119850706,1985,July,6,36.066,-121.461,52474,"California Coastal Sage, Chaparral, and Oak Woodlands",MEDITERRANEAN CALIFORNIA,MEDITERRANEAN CALIFORNIA,1985-07,7.21972038917624,1.56431592872829,306.27686769470904,3.47162043877163
CA3606711840020020721,2002,July,21,36.067,-118.4,146540,Sierra Nevada,WESTERN CORDILLERA,NORTHWESTERN FORESTED MOUNTAINS,2002-07,6.474719299982411,2.9277892760839,301.116617985588,2.8257891802183104
CA3613612137820080608,2008,June,8,36.135999999999996,-121.37799999999999,59095,"California Coastal Sage, Chaparral, and Oak Woodlands",MEDITERRANEAN CALIFORNIA,MEDITERRANEAN CALIFORNIA,2008-06,7.2768187575659296,0.32260541995481,303.691395141875,3.77236081502508
CA3621212157820080621,2008,June,21,36.211999999999996,-121.57799999999999,164537,"California Coastal Sage, Chaparral, and Oak Woodlands",MEDITERRANEAN CALIFORNIA,MEDITERRANEAN CALIFORNIA,2008-06,7.2768187575659296,0.32260541995481,303.691395141875,3.77236081502508
CA3687411890520150801,2015,Aug,1,36.852,-118.884,146369,Sierra Nevada,WESTERN CORDILLERA,NORTHWESTERN FORESTED MOUNTAINS,2015-08,5.87946200982694,3.2439230620690798,299.471041652329,3.0708773085242402
CA3785712008620130817,2013,Aug,17,37.916,-119.969,257084,Sierra Nevada,WESTERN CORDILLERA,NORTHWESTERN FORESTED MOUNTAINS,2013-08,5.54691110868065,3.23203681055155,298.33643918347803,3.0536413364080097
CA3834312069620150909,2015,Sept,9,38.266,-120.59200000000001,72894,Sierra Nevada,WESTERN CORDILLERA,NORTHWESTERN FORESTED MOUNTAINS,2015-09,4.61597226350809,6.74442027266613,296.639600239549,3.21757207922831
CA3878212060420140913,2014,Sept,13,38.93,-120.542,99070,Sierra Nevada,WESTERN CORDILLERA,NORTHWESTERN FORESTED MOUNTAINS,2014-09,4.46122113320735,22.382496098087802,296.298622915352,3.1265491369268
CA3884412276020150912,2015,Sept,12,38.788000000000004,-122.613,77507,"California Coastal Sage, Chaparral, and Oak Woodlands",MEDITERRANEAN CALIFORNIA,MEDITERRANEAN CALIFORNIA,2015-09,5.174843279066731,12.0528385546129,303.8387130237,3.0810215010702997
CA3891212249320150729,2015,July,29,38.91,-122.45,96125,"California Coastal Sage, Chaparral, and Oak Woodlands",MEDITERRANEAN CALIFORNIA,MEDITERRANEAN CALIFORNIA,2015-07,6.52799799033556,13.154939812805901,303.755356156675,3.2289658316014505
CA3920212274419960811,1996,Aug,11,39.202,-122.744,83209,Klamath Mountains,WESTERN CORDILLERA,NORTHWESTERN FORESTED MOUNTAINS,1996-08,6.222495843296451,1.35123057462047,303.863477407137,3.2872906803763504
CA3954212303919870831,1987,Aug,31,39.542,-123.039,54162,Klamath Mountains,WESTERN CORDILLERA,NORTHWESTERN FORESTED MOUNTAINS,1987-08,6.53855889992617,2.01443546966181,304.12459912662,3.4812459579995094
CA3985212144420080814,2008,Aug,14,39.852,-121.444,52091,Sierra Nevada,WESTERN CORDILLERA,NORTHWESTERN FORESTED MOUNTAINS,2008-08,6.03327375159014,0.6911393912944751,300.011053620445,3.21870221519957
CA4001012127720120729,2012,July,29,40.095,-121.199,79978,Sierra Nevada,WESTERN CORDILLERA,NORTHWESTERN FORESTED MOUNTAINS,2012-07,6.300858155545679,2.60136495401503,299.759209127914,2.9353446532380802
CA4004112182419900806,1990,Aug,6,40.041,-121.824,128266,"California Coastal Sage, Chaparral, and Oak Woodlands",MEDITERRANEAN CALIFORNIA,MEDITERRANEAN CALIFORNIA,1990-08,6.09868557321685,1.7594968070251997,304.173231175634,3.33232865743502
CA4009612297920080621,2008,June,21,40.096,-122.979,94888,Klamath Mountains,WESTERN CORDILLERA,NORTHWESTERN FORESTED MOUNTAINS,2008-06,6.293042001991969,8.009402551957361,298.27126139113,3.9026279454945803
CA4017912180419990928,1999,Sept,28,40.179,-121.804,61203,"California Coastal Sage, Chaparral, and Oak Woodlands",MEDITERRANEAN CALIFORNIA,MEDITERRANEAN CALIFORNIA,1999-09,4.98088348052659,2.34287847490289,303.153304272946,2.79395322988091
CA4022012073620070903,2007,Sept,3,40.22,-120.736,65718,Sierra Nevada,WESTERN CORDILLERA,NORTHWESTERN FORESTED MOUNTAINS,2007-09,4.23147706593784,17.3377731816517,293.290785033431,3.40132104486911
CA4062112015220120812,2012,Aug,12,40.603,-120.09,306811,Northern Basin and Range,COLD DESERTS,NORTH AMERICAN DESERTS,2012-08,6.29969944318367,5.77109801524338,304.858453570157,3.04610407705696
CA4073412017820010809,2001,Aug,9,40.734,-120.178,67432,Eastern Cascades Slopes and Foothills,WESTERN CORDILLERA,NORTHWESTERN FORESTED MOUNTAINS,2001-08,5.716089765284259,4.77755034603859,301.891035309641,3.2308793183902096
CA4084612185219920820,1992,Aug,20,40.846,-121.852,62340,Cascades,WESTERN CORDILLERA,NORTHWESTERN FORESTED MOUNTAINS,1992-08,5.204956006752769,15.002009588196302,299.191245457868,3.26074082424959
CA4091312343720150731,2015,July,31,40.914,-123.36399999999999,78531,Klamath Mountains,WESTERN CORDILLERA,NORTHWESTERN FORESTED MOUNTAINS,2015-07,6.63595951056901,17.1272208553041,302.78006893689,3.32528994163386
CA4095112320220060902,2006,Sept,2,40.951,-123.20200000000001,100962,Klamath Mountains,WESTERN CORDILLERA,NORTHWESTERN FORESTED MOUNTAINS,2006-09,4.901029483259019,6.99003149137476,299.692951997841,3.66420877410592
CA4104812343519990927,1999,Sept,27,41.048,-123.435,124499,Klamath Mountains,WESTERN CORDILLERA,NORTHWESTERN FORESTED MOUNTAINS,1999-09,5.12633220186987,2.4653315516874503,301.270841793055,3.5157075844086703
CA4114311975020120805,2012,Aug,5,41.255,-119.55799999999999,57647,Northern Basin and Range,COLD DESERTS,NORTH AMERICAN DESERTS,2012-08,6.29969944318367,5.77109801524338,304.858453570157,3.04610407705696
CA4141212331619870830,1987,Aug,30,41.412,-123.316,53626,Klamath Mountains,WESTERN CORDILLERA,NORTHWESTERN FORESTED MOUNTAINS,1987-08,6.53855889992617,2.01443546966181,304.12459912662,3.4812459579995094
CA4154112338120080722,2008,July,22,41.541000000000004,-123.381,71448,Klamath Mountains,WESTERN CORDILLERA,NORTHWESTERN FORESTED MOUNTAINS,2008-07,6.91181700674407,0.36147137868221796,302.511579037798,3.4629150636077797
CA4161412365820080621,2008,June,21,41.614,-123.65799999999999,100823,Klamath Mountains,WESTERN CORDILLERA,NORTHWESTERN FORESTED MOUNTAINS,2008-06,6.293042001991969,8.009402551957361,298.27126139113,3.9026279454945803
CA4163812338919870830,1987,Aug,30,41.638000000000005,-123.389,71390,Klamath Mountains,WESTERN CORDILLERA,NORTHWESTERN FORESTED MOUNTAINS,1987-08,6.53855889992617,2.01443546966181,304.12459912662,3.4812459579995094
CA4179612337420140814,2014,Aug,14,41.707,-123.196,118491,Klamath Mountains,WESTERN CORDILLERA,NORTHWESTERN FORESTED MOUNTAINS,2014-08,6.1989866007511605,3.8334879719921298,302.95238906246203,3.3457436954566497
CO3744910767720020609,2002,June,9,37.449,-107.677,68919,Southern Rockies,WESTERN CORDILLERA,NORTHWESTERN FORESTED MOUNTAINS,2002-06,6.39015016600406,14.034997969488401,297.81715447669603,3.9536317242330803
CO4058910540420120609,2012,June,9,40.658,-105.35700000000001,90769,Southern Rockies,WESTERN CORDILLERA,NORTHWESTERN FORESTED MOUNTAINS,2012-06,6.62376901515888,7.33323938568518,297.803877172066,4.2738786228182
FL2547708076419890517,1989,May,17,25.476999999999997,-80.764,85437,Southern Florida Coastal Plain,EVERGLADES,TROPICAL WET FORESTS,1989-05,5.93537705412113,52.1070921317424,305.447102535859,2.8677143789697404
FL2580408046920110605,2011,June,5,25.871,-80.559,67959,Southern Florida Coastal Plain,EVERGLADES,TROPICAL WET FORESTS,2011-06,6.0623182578460195,183.324112334512,307.349657966579,3.3433355755857797
FL2583708052719850526,1985,May,26,25.837,-80.527,54638,Southern Florida Coastal Plain,EVERGLADES,TROPICAL WET FORESTS,1985-05,5.55688277423486,89.598058650374,305.131008915591,2.5000929144443798
FL2602008107320070507,2007,May,7,26.02,-81.07300000000001,60644,Southern Florida Coastal Plain,EVERGLADES,TROPICAL WET FORESTS,2007-05,5.83855531347893,85.11003478848001,303.455427340983,4.5180820630940595
FL2622108060319890622,1989,June,22,26.221,-80.60300000000001,90127,Southern Florida Coastal Plain,EVERGLADES,TROPICAL WET FORESTS,1989-06,5.601102060935039,178.749499397806,305.879775909762,3.2802640673999
FL2622208075919850225,1985,Feb,25,26.221999999999998,-80.759,51504,Southern Florida Coastal Plain,EVERGLADES,TROPICAL WET FORESTS,1985-02,3.7560479913998197,9.91109513845117,298.693167988645,3.87904383446129
FL2622408075919890316,1989,March,16,26.224,-80.759,56910,Southern Florida Coastal Plain,EVERGLADES,TROPICAL WET FORESTS,1989-03,4.28567838762659,64.9353165695895,301.343020565969,3.52693553879401
FL2623308059120140607,2014,June,7,26.261,-80.56,50667,Southern Florida Coastal Plain,EVERGLADES,TROPICAL WET FORESTS,2014-06,5.28193267336698,227.420880944197,305.502745351195,2.65059676619172
FL2919408119119980622,1998,June,22,29.194000000000003,-81.191,121213,Southern Coastal Plain,MISSISSIPPI ALLUVIAL AND SOUTHEAST USA COASTAL PLAINS,EASTERN TEMPERATE FORESTS,1998-06,6.9469160799481795,57.3582861304042,308.625234130546,3.7639284332819702
GA3073008236920110430,2011,April,30,30.691999999999997,-82.303,147065,Southern Coastal Plain,MISSISSIPPI ALLUVIAL AND SOUTHEAST USA COASTAL PLAINS,EASTERN TEMPERATE FORESTS,2011-04,5.502753358111759,38.6095611395025,303.097222432117,3.77239122373081
GA3086808245120110701,2011,July,1,30.805999999999997,-82.323,142688,Southern Coastal Plain,MISSISSIPPI ALLUVIAL AND SOUTHEAST USA COASTAL PLAINS,EASTERN TEMPERATE FORESTS,2011-07,5.61353333309396,179.326139973708,307.232887162846,2.9854303252465497
ID4216011532120070721,2007,July,21,42.16,-115.321,567409,Northern Basin and Range,COLD DESERTS,NORTH AMERICAN DESERTS,2007-07,6.8917005828301106,7.49860937816368,305.383672114903,2.99019665005273
ID4222111319320070706,2007,July,6,42.221000000000004,-113.193,69897,Northern Basin and Range,COLD DESERTS,NORTH AMERICAN DESERTS,2007-07,6.8917005828301106,7.49860937816368,305.383672114903,2.99019665005273
ID4227711406020120805,2012,Aug,5,42.299,-114.11200000000001,84780,Northern Basin and Range,COLD DESERTS,NORTH AMERICAN DESERTS,2012-08,6.29969944318367,5.77109801524338,304.858453570157,3.04610407705696
ID4243011543019950729,1995,July,29,42.43,-115.43,80638,Northern Basin and Range,COLD DESERTS,NORTH AMERICAN DESERTS,1995-07,6.2209541925485805,18.811771461455,300.703775526721,3.49380207408216
ID4245311502520120707,2012,July,7,42.603,-115.179,171409,Northern Basin and Range,COLD DESERTS,NORTH AMERICAN DESERTS,2012-07,6.83531442771631,8.31167218406653,304.444132269641,3.13368076401654
ID4256011535919850706,1985,July,6,42.56,-115.359,62780,Northern Basin and Range,COLD DESERTS,NORTH AMERICAN DESERTS,1985-07,6.5837466227902,22.921542866700698,303.99523096965197,2.9338144681006098
ID4258011530420060823,2006,Aug,23,42.58,-115.304,62699,Northern Basin and Range,COLD DESERTS,NORTH AMERICAN DESERTS,2006-08,5.86098501870518,4.72925380787472,301.123302446577,3.1591475849361603
ID4263011521720050715,2005,July,15,42.63,-115.21700000000001,199023,Northern Basin and Range,COLD DESERTS,NORTH AMERICAN DESERTS,2005-07,6.791516228214941,6.57964375129675,303.89604828112704,3.10391240810574
ID4266311590220110814,2011,Aug,14,42.535,-115.792,65416,Northern Basin and Range,COLD DESERTS,NORTH AMERICAN DESERTS,2011-08,5.92117343071417,3.7879447804046498,302.921952714473,2.93930240427965
ID4275711507020100821,2010,Aug,21,42.757,-115.07,302546,Snake River Plain,COLD DESERTS,NORTH AMERICAN DESERTS,2010-08,5.71470677947341,9.70855143388956,301.98818886712,3.32376957825696
ID4281411549619870614,1987,June,14,42.81399999999999,-115.49600000000001,66024,Snake River Plain,COLD DESERTS,NORTH AMERICAN DESERTS,1987-06,6.0342756123624595,21.388304074668,300.866032151288,2.9838104497719704
ID4295911374920120805,2012,Aug,5,43.00899999999999,-113.88600000000001,102340,Snake River Plain,COLD DESERTS,NORTH AMERICAN DESERTS,2012-08,6.375480186596071,8.62484147843146,306.534084200449,3.0072360495158397
ID4299011308620000726,2000,July,26,42.99,-113.086,56792,Snake River Plain,COLD DESERTS,NORTH AMERICAN DESERTS,2000-07,6.81637242190826,5.24723159485868,305.123961664087,3.11249992196689
ID4304511327219990803,1999,Aug,3,43.045,-113.272,138102,Snake River Plain,COLD DESERTS,NORTH AMERICAN DESERTS,1999-08,5.57347335805053,13.5928092128993,303.314897137169,2.9446204472367996
ID4304711393919960703,1996,July,3,43.047,-113.939,178385,Snake River Plain,COLD DESERTS,NORTH AMERICAN DESERTS,1996-07,6.598313822673499,8.3860406388842,305.104543036485,2.83553362975892
ID4308811381819920802,1992,Aug,2,43.088,-113.818,147833,Snake River Plain,COLD DESERTS,NORTH AMERICAN DESERTS,1992-08,6.01611231347976,2.33397400536902,303.928854980618,3.2073049915879204
ID4311811696020150810,2015,Aug,10,43.318999999999996,-116.861,282888,Northern Basin and Range,COLD DESERTS,NORTH AMERICAN DESERTS,2015-08,5.9153530206079195,10.4595504833596,301.866224005351,3.31285161589823
ID4318311309619960827,1996,Aug,27,43.183,-113.096,219424,Snake River Plain,COLD DESERTS,NORTH AMERICAN DESERTS,1996-08,5.784065390976349,2.9936194759567405,303.845348019691,3.04615347833734
ID4319311451419900808,1990,Aug,8,43.193000000000005,-114.514,70365,Snake River Plain,COLD DESERTS,NORTH AMERICAN DESERTS,1990-08,5.4649827763911905,16.7287460570333,303.10352628664396,2.8446773894004798
ID4329411554820130809,2013,Aug,9,43.385,-115.65100000000001,148188,Idaho Batholith,WESTERN CORDILLERA,NORTHWESTERN FORESTED MOUNTAINS,2013-08,5.36460765581458,13.457631041802099,299.262048164053,3.3722613229148104
ID4334011550020130809,2013,Aug,9,43.478,-115.484,129565,Idaho Batholith,WESTERN CORDILLERA,NORTHWESTERN FORESTED MOUNTAINS,2013-08,5.36460765581458,13.457631041802099,299.262048164053,3.3722613229148104
ID4345711455020130807,2013,Aug,7,43.603,-114.507,111286,Idaho Batholith,WESTERN CORDILLERA,NORTHWESTERN FORESTED MOUNTAINS,2013-08,5.36460765581458,13.457631041802099,299.262048164053,3.3722613229148104
ID4367911257020100713,2010,July,13,43.678999999999995,-112.57,108542,Snake River Plain,COLD DESERTS,NORTH AMERICAN DESERTS,2010-07,6.67261560378813,4.576657534286911,303.316006295367,3.3537159559723597
ID4371111536820120803,2012,Aug,3,43.718999999999994,-115.39399999999999,141807,Idaho Batholith,WESTERN CORDILLERA,NORTHWESTERN FORESTED MOUNTAINS,2012-08,5.5526658031542695,3.70510308820701,300.139749253206,3.25929167187629
ID4392811541119940728,1994,July,28,43.928000000000004,-115.411,150456,Idaho Batholith,WESTERN CORDILLERA,NORTHWESTERN FORESTED MOUNTAINS,1994-07,5.8684251727127,26.226553086686398,298.989552245045,3.23813067603277
ID4408911638320060810,2006,Aug,10,44.089,-116.383,56773,Snake River Plain,COLD DESERTS,NORTH AMERICAN DESERTS,2006-08,5.84688547230322,3.56761595904914,302.9681360124,2.97693022320136
ID4444511516620120727,2012,July,27,44.455,-114.98200000000001,190156,Idaho Batholith,WESTERN CORDILLERA,NORTHWESTERN FORESTED MOUNTAINS,2012-07,6.11058697720559,21.725889637460003,300.26137821232004,3.14055449249967
ID4448411541019870804,1987,Aug,4,44.483999999999995,-115.41,57051,Idaho Batholith,WESTERN CORDILLERA,NORTHWESTERN FORESTED MOUNTAINS,1987-08,4.93828062009251,20.071480556690602,295.973582083964,3.4597256558568903
ID4464911452420070730,2007,July,30,44.648999999999994,-114.524,50967,Idaho Batholith,WESTERN CORDILLERA,NORTHWESTERN FORESTED MOUNTAINS,2007-07,6.3123258883676305,12.0425455182497,302.080239828583,2.99525476621445
ID4475011554820070717,2007,July,17,44.75,-115.54799999999999,317157,Idaho Batholith,WESTERN CORDILLERA,NORTHWESTERN FORESTED MOUNTAINS,2007-07,6.3123258883676305,12.0425455182497,302.080239828583,2.99525476621445
ID4482211481920070717,2007,July,17,44.821999999999996,-114.819,50106,Idaho Batholith,WESTERN CORDILLERA,NORTHWESTERN FORESTED MOUNTAINS,2007-07,6.3123258883676305,12.0425455182497,302.080239828583,2.99525476621445
ID4505611489120000731,2000,July,31,45.056000000000004,-114.891,271361,Idaho Batholith,WESTERN CORDILLERA,NORTHWESTERN FORESTED MOUNTAINS,2000-07,5.90611026539886,10.4994151676704,298.780040356316,3.08895973847892
ID4510511570820070706,2007,July,6,45.105,-115.708,318724,Idaho Batholith,WESTERN CORDILLERA,NORTHWESTERN FORESTED MOUNTAINS,2007-07,6.3123258883676305,12.0425455182497,302.080239828583,2.99525476621445
ID4515511602719940802,1994,Aug,2,45.155,-116.027,140101,Idaho Batholith,WESTERN CORDILLERA,NORTHWESTERN FORESTED MOUNTAINS,1994-08,5.49818898330302,8.74325177464178,299.215352447952,3.4669676959265296
ID4519911434120000710,2000,July,10,45.199,-114.34100000000001,170322,Idaho Batholith,WESTERN CORDILLERA,NORTHWESTERN FORESTED MOUNTAINS,2000-07,5.90611026539886,10.4994151676704,298.780040356316,3.08895973847892
ID4520811624820150812,2015,Aug,12,45.318000000000005,-116.116,94878,Idaho Batholith,WESTERN CORDILLERA,NORTHWESTERN FORESTED MOUNTAINS,2015-08,5.52675823912207,18.876214341643397,297.958021151548,3.77410463393825
ID4521611552119940811,1994,Aug,11,45.216,-115.521,129849,Idaho Batholith,WESTERN CORDILLERA,NORTHWESTERN FORESTED MOUNTAINS,1994-08,5.49818898330302,8.74325177464178,299.215352447952,3.4669676959265296
ID4537511565420000714,2000,July,14,45.375,-115.654,67284,Idaho Batholith,WESTERN CORDILLERA,NORTHWESTERN FORESTED MOUNTAINS,2000-07,5.90611026539886,10.4994151676704,298.780040356316,3.08895973847892
ID4542411459020120730,2012,July,30,45.473,-114.506,377632,Idaho Batholith,WESTERN CORDILLERA,NORTHWESTERN FORESTED MOUNTAINS,2012-07,6.11058697720559,21.725889637460003,300.26137821232004,3.14055449249967
ID4553411629920120906,2012,Sept,6,45.565,-116.198,50769,Idaho Batholith,WESTERN CORDILLERA,NORTHWESTERN FORESTED MOUNTAINS,2012-09,4.12147477875562,5.0698513583775995,295.262527178666,3.38687047151294
ID4562411645420070718,2007,July,18,45.623999999999995,-116.454,59704,Blue Mountains,WESTERN CORDILLERA,NORTHWESTERN FORESTED MOUNTAINS,2007-07,6.58267708752085,6.09054403851472,303.866532458383,2.99103521440786
ID4594011680920000811,2000,Aug,11,45.94,-116.809,131397,Blue Mountains,WESTERN CORDILLERA,NORTHWESTERN FORESTED MOUNTAINS,2000-08,5.78678008660498,2.8919203792058803,301.133882999658,3.3025373435509904
ID4599311683120140803,2014,Aug,3,46.001999999999995,-116.84899999999999,65397,Blue Mountains,WESTERN CORDILLERA,NORTHWESTERN FORESTED MOUNTAINS,2014-08,5.14091337232066,28.2359383046024,299.815294263947,2.9716067398834105
ID4605311687720070713,2007,July,13,46.053000000000004,-116.87700000000001,50646,Blue Mountains,WESTERN CORDILLERA,NORTHWESTERN FORESTED MOUNTAINS,2007-07,6.58267708752085,6.09054403851472,303.866532458383,2.99103521440786
KS3703709613220090410,2009,April,10,37.037,-96.132,800724,Cross Timbers,SOUTH CENTRAL SEMI-ARID PRAIRIES,GREAT PLAINS,2009-04,5.345544923352509,122.94370465651801,297.132921562742,5.917005940219459
KS3740209652220140404,2014,April,4,37.409,-96.50200000000001,99704,Flint Hills,SOUTH CENTRAL SEMI-ARID PRAIRIES,GREAT PLAINS,2014-04,4.51359183783626,55.368403048383705,293.07002494698503,5.8693062890712
KS3746509670920090420,2009,April,20,37.465,-96.709,765550,Flint Hills,SOUTH CENTRAL SEMI-ARID PRAIRIES,GREAT PLAINS,2009-04,3.9526296300872703,159.887948655518,291.92745547967604,5.52600691910005
KS3778309657320070401,2007,April,1,37.783,-96.573,74183,Flint Hills,SOUTH CENTRAL SEMI-ARID PRAIRIES,GREAT PLAINS,2007-04,3.86764990097555,89.48987749368129,290.916490138368,5.0123562871810705
KS3779309654420140122,2014,Jan,22,37.786,-96.529,60976,Flint Hills,SOUTH CENTRAL SEMI-ARID PRAIRIES,GREAT PLAINS,2014-01,1.67561460234904,8.587226500287558,277.881691818864,5.55012391641393
KS3803909641920140404,2014,April,4,38.029,-96.426,113708,Flint Hills,SOUTH CENTRAL SEMI-ARID PRAIRIES,GREAT PLAINS,2014-04,4.51359183783626,55.368403048383705,293.07002494698503,5.8693062890712
KS3807209637920110411,2011,April,11,38.099000000000004,-96.383,116581,Flint Hills,SOUTH CENTRAL SEMI-ARID PRAIRIES,GREAT PLAINS,2011-04,4.97383148818309,59.3043265620244,295.482862750315,5.88804390954358
KS3814509638720150314,2015,March,14,38.167,-96.384,68478,Flint Hills,SOUTH CENTRAL SEMI-ARID PRAIRIES,GREAT PLAINS,2015-03,3.1100627882547798,12.4158978150895,289.30999958328204,4.14450554770437
KS3818209643420070401,2007,April,1,38.181999999999995,-96.434,71132,Flint Hills,SOUTH CENTRAL SEMI-ARID PRAIRIES,GREAT PLAINS,2007-04,3.86764990097555,89.48987749368129,290.916490138368,5.0123562871810705
KS3827709661320150330,2015,March,30,38.268,-96.60600000000001,55037,Flint Hills,SOUTH CENTRAL SEMI-ARID PRAIRIES,GREAT PLAINS,2015-03,3.1100627882547798,12.4158978150895,289.30999958328204,4.14450554770437
KS3830509627320060422,2006,April,22,38.305,-96.273,1183539,Flint Hills,SOUTH CENTRAL SEMI-ARID PRAIRIES,GREAT PLAINS,2006-04,5.02442836653865,108.83237000597,296.859989108894,5.40280463683783
KS3847509656719980401,1998,April,1,38.475,-96.56700000000001,60039,Flint Hills,SOUTH CENTRAL SEMI-ARID PRAIRIES,GREAT PLAINS,1998-04,3.63744820735519,78.3677034426943,291.494910728783,5.0218664765645595
KS3852109646220150330,2015,March,30,38.525999999999996,-96.46700000000001,51547,Flint Hills,SOUTH CENTRAL SEMI-ARID PRAIRIES,GREAT PLAINS,2015-03,3.1100627882547798,12.4158978150895,289.30999958328204,4.14450554770437
KS3885509620220140326,2014,March,26,38.858000000000004,-96.215,122787,Flint Hills,SOUTH CENTRAL SEMI-ARID PRAIRIES,GREAT PLAINS,2014-03,3.3440260861955102,18.1936652962887,286.091732996967,5.66440967237343
KY3744808274319871113,1987,Nov,13,37.448,-82.743,66345,Central Appalachians,OZARK/OUACHITA-APPALACHIAN FORESTS,EASTERN TEMPERATE FORESTS,1987-11,2.05123715159277,67.8118929188941,286.742302566501,4.816839823332
KY3745908336819871105,1987,Nov,5,37.459,-83.368,66145,Central Appalachians,OZARK/OUACHITA-APPALACHIAN FORESTS,EASTERN TEMPERATE FORESTS,1987-11,2.05123715159277,67.8118929188941,286.742302566501,4.816839823332
MN4790609152420110817,2011,Aug,17,47.828,-91.29799999999999,85116,Northern Lakes and Forests,MIXED WOOD SHIELD,NORTHERN FORESTS,2011-08,4.69921722444731,80.20388551703059,300.706843607123,3.9518137348581295
MN4803809544420030409,2003,April,9,48.038000000000004,-95.444,67641,Northern Minnesota Wetlands,MIXED WOOD SHIELD,NORTHERN FORESTS,2003-04,3.16988604499213,25.0097493965998,284.96079875744596,4.974949884255429
MN4806509545519891023,1989,Oct,23,48.065,-95.455,66422,Northern Minnesota Wetlands,MIXED WOOD SHIELD,NORTHERN FORESTS,1989-10,2.07174466211525,22.0162955961578,286.322118524565,4.513270996179741
MN4809809545719870405,1987,April,5,48.098,-95.45700000000001,131401,Northern Minnesota Wetlands,MIXED WOOD SHIELD,NORTHERN FORESTS,1987-04,4.28429835683691,6.096664321808291,291.894383117765,4.35152637271163
MT4507511010219880619,1988,June,19,45.075,-110.102,179096,Middle Rockies,WESTERN CORDILLERA,NORTHWESTERN FORESTED MOUNTAINS,1988-06,5.9454593000026295,31.9173789915661,297.522110840167,4.00705653322315
MT4524310605320120703,2012,July,3,45.26,-106.031,64383,Northwestern Great Plains,WEST-CENTRAL SEMI-ARID PRAIRIES,GREAT PLAINS,2012-07,7.267166828310599,34.9530736271116,307.694967497183,3.53206443181275
MT4538610624320000726,2000,July,26,45.386,-106.243,62381,Northwestern Great Plains,WEST-CENTRAL SEMI-ARID PRAIRIES,GREAT PLAINS,2000-07,6.237499084229231,52.224924275707394,304.416725421071,3.3754466631035
MT4550810679219940908,1994,Sept,8,45.508,-106.792,61955,Northwestern Great Plains,WEST-CENTRAL SEMI-ARID PRAIRIES,GREAT PLAINS,1994-09,4.23680918874916,26.5824929007824,298.90382764112996,3.69339767861647
MT4559210981020060822,2006,Aug,22,45.592,-109.81,200993,Middle Rockies,WESTERN CORDILLERA,NORTHWESTERN FORESTED MOUNTAINS,2006-08,5.0539724066361105,23.484700331356503,296.655036238769,3.4101401878357405
MT4566710414620020830,2002,Aug,30,45.667,-104.146,66292,Northwestern Great Plains,WEST-CENTRAL SEMI-ARID PRAIRIES,GREAT PLAINS,2002-08,5.40052040621103,46.368804516446,301.257743248042,4.00199702218297
MT4566910646920120625,2012,June,25,45.648,-106.137,253413,Northwestern Great Plains,WEST-CENTRAL SEMI-ARID PRAIRIES,GREAT PLAINS,2012-06,6.52882181108487,37.3126464330813,301.28954914917097,4.66050181361416
MT4573810684020120801,2012,Aug,1,45.754,-106.796,132680,Northwestern Great Plains,WEST-CENTRAL SEMI-ARID PRAIRIES,GREAT PLAINS,2012-08,6.057993251492991,16.5377032835388,304.521586735149,3.4904305911347095
MT4574610716620120731,2012,July,31,45.648,-107.258,83942,Northwestern Great Plains,WEST-CENTRAL SEMI-ARID PRAIRIES,GREAT PLAINS,2012-07,7.267166828310599,34.9530736271116,307.694967497183,3.53206443181275
MT4580011396420000731,2000,July,31,45.8,-113.964,62967,Idaho Batholith,WESTERN CORDILLERA,NORTHWESTERN FORESTED MOUNTAINS,2000-07,5.90611026539886,10.4994151676704,298.780040356316,3.08895973847892
MT4582910516719960817,1996,Aug,17,45.82899999999999,-105.167,55024,Northwestern Great Plains,WEST-CENTRAL SEMI-ARID PRAIRIES,GREAT PLAINS,1996-08,6.103703302045691,22.621039537908697,304.493320382097,3.735340726945
MT4589911360920000731,2000,July,31,45.898999999999994,-113.609,64810,Idaho Batholith,WESTERN CORDILLERA,NORTHWESTERN FORESTED MOUNTAINS,2000-07,5.90611026539886,10.4994151676704,298.780040356316,3.08895973847892
MT4600611408220000731,2000,July,31,46.006,-114.08200000000001,118045,Idaho Batholith,WESTERN CORDILLERA,NORTHWESTERN FORESTED MOUNTAINS,2000-07,5.90611026539886,10.4994151676704,298.780040356316,3.08895973847892
MT4601710766920060716,2006,July,16,46.016999999999996,-107.669,103074,Northwestern Great Plains,WEST-CENTRAL SEMI-ARID PRAIRIES,GREAT PLAINS,2006-07,7.31323820622581,16.091644054143902,307.153161120649,3.53105920722492
MT4613910793820060712,2006,July,12,46.138999999999996,-107.93799999999999,91575,Northwestern Great Plains,WEST-CENTRAL SEMI-ARID PRAIRIES,GREAT PLAINS,2006-07,7.31323820622581,16.091644054143902,307.153161120649,3.53105920722492
MT4620711124920000815,2000,Aug,15,46.207,-111.249,80383,Middle Rockies,WESTERN CORDILLERA,NORTHWESTERN FORESTED MOUNTAINS,2000-08,5.3727338159705305,19.0587664165508,297.818613336661,3.85036456259304
MT4621810818620080821,2008,Aug,21,46.218,-108.186,105494,Northwestern Great Plains,WEST-CENTRAL SEMI-ARID PRAIRIES,GREAT PLAINS,2008-08,5.843350517821901,29.9761208557825,303.324421798753,3.83598857996907
MT4625810827219840825,1984,Aug,25,46.258,-108.272,157778,Northwestern Great Plains,WEST-CENTRAL SEMI-ARID PRAIRIES,GREAT PLAINS,1984-08,5.9797368960067105,32.077772281936696,304.80525856636297,3.47185355299914
MT4648111367820070713,2007,July,13,46.481,-113.678,68236,Middle Rockies,WESTERN CORDILLERA,NORTHWESTERN FORESTED MOUNTAINS,2007-07,6.12620507663673,28.8540594530545,301.31270504320304,3.0400641485332205
MT4724011275119880625,1988,June,25,47.24,-112.751,167875,Canadian Rockies,WESTERN CORDILLERA,NORTHWESTERN FORESTED MOUNTAINS,1988-06,4.850259604304269,60.7068935799155,293.704397552861,3.9564387120736804
MT4751410764220030719,2003,July,19,47.513999999999996,-107.64200000000001,137947,Northwestern Great Plains,WEST-CENTRAL SEMI-ARID PRAIRIES,GREAT PLAINS,2003-07,6.9032111650707995,18.4698819930289,305.831356270801,3.61996177754745
MT4754010748920060717,2006,July,17,47.54,-107.48899999999999,124599,Northwestern Great Plains,WEST-CENTRAL SEMI-ARID PRAIRIES,GREAT PLAINS,2006-07,7.31323820622581,16.091644054143902,307.153161120649,3.53105920722492
MT4780711483420070731,2007,July,31,47.806999999999995,-114.834,95656,Columbia Mountains/Northern Rockies,WESTERN CORDILLERA,NORTHWESTERN FORESTED MOUNTAINS,2007-07,6.53504664690493,10.4927295737647,303.634734704768,3.01374658863833
MT4784711358920150812,2015,Aug,12,47.812,-113.425,60710,Canadian Rockies,WESTERN CORDILLERA,NORTHWESTERN FORESTED MOUNTAINS,2015-08,5.11771646553143,19.4834085060878,296.233922509355,4.440192383672111
MT4797011293420070628,2007,June,28,47.97,-112.934,53912,Canadian Rockies,WESTERN CORDILLERA,NORTHWESTERN FORESTED MOUNTAINS,2007-06,4.49177894065385,72.80743609656409,290.839689137653,4.920817360475191
MT4838610920219911016,1991,Oct,16,48.386,-109.20200000000001,138192,Northwestern Glaciated Plains,WEST-CENTRAL SEMI-ARID PRAIRIES,GREAT PLAINS,1991-10,2.48934783022904,24.1976335474753,285.977841172465,4.53546794083911
MT4856111405520030723,2003,July,23,48.56100000000001,-114.055,54500,Canadian Rockies,WESTERN CORDILLERA,NORTHWESTERN FORESTED MOUNTAINS,2003-07,6.1266749691689695,6.95455276737369,298.193137160562,4.10540382111291
MT4865211410120010816,2001,Aug,16,48.652,-114.101,73210,Canadian Rockies,WESTERN CORDILLERA,NORTHWESTERN FORESTED MOUNTAINS,2001-08,5.009660214714611,6.54528510246686,297.295709258587,3.7297173850599905
MT4890111437420030718,2003,July,18,48.901,-114.374,51987,Canadian Rockies,WESTERN CORDILLERA,NORTHWESTERN FORESTED MOUNTAINS,2003-07,6.1266749691689695,6.95455276737369,298.193137160562,4.10540382111291
NC3449007769619860505,1986,May,5,34.49,-77.696,77768,Middle Atlantic Coastal Plain,MISSISSIPPI ALLUVIAL AND SOUTHEAST USA COASTAL PLAINS,EASTERN TEMPERATE FORESTS,1986-05,5.3078709217228495,59.4746192524121,300.913560217631,3.66838957787894
NC3569507626119850407,1985,April,7,35.695,-76.26100000000001,110696,Middle Atlantic Coastal Plain,MISSISSIPPI ALLUVIAL AND SOUTHEAST USA COASTAL PLAINS,EASTERN TEMPERATE FORESTS,1985-04,4.89412578569939,20.560748485744,298.06776375606603,3.87873901934613
ND4762110385319991031,1999,Oct,31,47.621,-103.853,53708,Northwestern Great Plains,WEST-CENTRAL SEMI-ARID PRAIRIES,GREAT PLAINS,1999-10,2.6543859755819703,10.5396802954587,290.369044285949,3.93726305045175
NE4262410325320120829,2012,Aug,29,42.68600000000001,-103.17399999999999,55228,High Plains,SOUTH CENTRAL SEMI-ARID PRAIRIES,GREAT PLAINS,2012-08,7.058895684258769,23.7413274808913,307.157551287297,3.83678483142273
NE4282410260920120829,2012,Aug,29,42.989,-102.678,77277,High Plains,SOUTH CENTRAL SEMI-ARID PRAIRIES,GREAT PLAINS,2012-08,7.058895684258769,23.7413274808913,307.157551287297,3.83678483142273
NE4284210010820120720,2012,July,20,42.803000000000004,-100.095,66349,Northwestern Great Plains,WEST-CENTRAL SEMI-ARID PRAIRIES,GREAT PLAINS,2012-07,7.267166828310599,34.9530736271116,307.694967497183,3.53206443181275
NM3138510881120090610,2009,June,10,31.385,-108.811,104011,Madrean Archipelago,WESTERN SIERRA MADRE PIEDMONT,SOUTHERN SEMI-ARID HIGHLANDS,2009-06,7.75995918832345,30.1513279702807,304.586169631392,4.04283607623704
NM3223310475220110424,2011,April,24,32.279,-104.664,53486,Chihuahuan Desert,WARM DESERTS,NORTH AMERICAN DESERTS,2011-04,7.47465037494112,0.284785475932371,301.91341251998,5.005273907373151
NM3288810780920130607,2013,June,7,32.989000000000004,-107.835,137884,Arizona/New Mexico Mountains,UPPER GILA MOUNTAINS,TEMPERATE SIERRAS,2013-06,8.11885164789016,6.929774549330849,304.9560064093,4.22731548943662
NM3307510377520110227,2011,Feb,27,33.067,-103.512,77368,High Plains,SOUTH CENTRAL SEMI-ARID PRAIRIES,GREAT PLAINS,2011-02,2.63517520420293,9.13096005376631,283.116533073373,4.6752527978242195
NM3314410836920110428,2011,April,28,33.179,-108.32700000000001,84760,Arizona/New Mexico Mountains,UPPER GILA MOUNTAINS,TEMPERATE SIERRAS,2011-04,5.78511264753144,11.1306539602825,292.899384937674,6.052063174862259
NM3315710331520060312,2006,March,12,33.157,-103.315,92790,High Plains,SOUTH CENTRAL SEMI-ARID PRAIRIES,GREAT PLAINS,2006-03,3.53592046294322,29.124762518172698,287.420710988979,4.94312324194126
NM3322510843320030531,2003,May,31,33.225,-108.43299999999999,113956,Arizona/New Mexico Mountains,UPPER GILA MOUNTAINS,TEMPERATE SIERRAS,2003-05,6.745991056696839,5.205602004294009,298.213041057859,4.50316565499582
NM3326710859220120509,2012,May,9,33.324,-108.573,306923,Arizona/New Mexico Mountains,UPPER GILA MOUNTAINS,TEMPERATE SIERRAS,2012-05,7.137806172509809,7.390398448864009,298.41307332280496,4.7587856206511105
NM3330110523720110628,2011,June,28,33.279,-105.31,103326,Arizona/New Mexico Mountains,UPPER GILA MOUNTAINS (?),TEMPERATE SIERRAS,2011-06,8.382862832609959,1.47689392756843,303.12123309558604,5.09806274911951
NM3341310817620050528,2005,May,28,33.413000000000004,-108.176,74273,Arizona/New Mexico Mountains,UPPER GILA MOUNTAINS,TEMPERATE SIERRAS,2005-05,6.357271360200079,11.828299037246499,297.429438879271,4.25860860283696
NM3353010381320090610,2009,June,10,33.53,-103.81299999999999,53730,High Plains,SOUTH CENTRAL SEMI-ARID PRAIRIES,GREAT PLAINS,2009-06,6.372300048721981,90.3388115161939,302.422974237356,3.9119218131534796
NM3361010535120040515,2004,May,15,33.61,-105.351,60546,Arizona/New Mexico Mountains,UPPER GILA MOUNTAINS (?),TEMPERATE SIERRAS,2004-05,7.12844884374182,3.18534315717803,298.206048426877,4.8626148168248
NM3581210654120110626,2011,June,26,35.87,-106.42299999999999,150874,Southern Rockies,WESTERN CORDILLERA,NORTHWESTERN FORESTED MOUNTAINS,2011-06,6.35598330631451,18.1523296584511,294.828216655488,5.10996210971834
NM3668210504720020608,2002,June,8,36.681999999999995,-105.04700000000001,89084,Southern Rockies,WESTERN CORDILLERA,NORTHWESTERN FORESTED MOUNTAINS,2002-06,6.39015016600406,14.034997969488401,297.81715447669603,3.9536317242330803
NV3716611461920050622,2005,June,22,37.166,-114.619,150019,Mojave Basin and Range,WARM DESERTS,NORTH AMERICAN DESERTS,2005-06,8.49767177736911,2.04854116011536,306.043846830384,4.19065287430392
NV3724211430320050622,2005,June,22,37.242,-114.303,327156,Mojave Basin and Range,WARM DESERTS,NORTH AMERICAN DESERTS,2005-06,8.49767177736911,2.04854116011536,306.043846830384,4.19065287430392
NV3728011477820050628,2005,June,28,37.28,-114.77799999999999,172390,Central Basin and Range,COLD DESERTS,NORTH AMERICAN DESERTS,2005-06,6.29263792686683,18.742610215100104,297.512209240844,3.96352231642096
NV3984111739119990804,1999,Aug,4,39.841,-117.391,172226,Central Basin and Range,COLD DESERTS,NORTH AMERICAN DESERTS,1999-08,6.021000846569099,20.202719116245802,302.42454280314,3.48226241526636
NV3994911652819990805,1999,Aug,5,39.949,-116.52799999999999,106236,Central Basin and Range,COLD DESERTS,NORTH AMERICAN DESERTS,1999-08,6.021000846569099,20.202719116245802,302.42454280314,3.48226241526636
NV4011611706720070716,2007,July,16,40.116,-117.06700000000001,130150,Central Basin and Range,COLD DESERTS,NORTH AMERICAN DESERTS,2007-07,7.14329592733562,11.2961284635002,306.84369766185,3.02734739334526
NV4049411640819990804,1999,Aug,4,40.494,-116.40799999999999,55277,Central Basin and Range,COLD DESERTS,NORTH AMERICAN DESERTS,1999-08,6.021000846569099,20.202719116245802,302.42454280314,3.48226241526636
NV4070311606720070717,2007,July,17,40.703,-116.06700000000001,65600,Central Basin and Range,COLD DESERTS,NORTH AMERICAN DESERTS,2007-07,7.14329592733562,11.2961284635002,306.84369766185,3.02734739334526
NV4077411679420010809,2001,Aug,9,40.774,-116.794,85110,Central Basin and Range,COLD DESERTS,NORTH AMERICAN DESERTS,2001-08,6.31849336436903,11.2856531030351,305.67891542544896,2.97759559155244
NV4078711636620110930,2011,Sept,30,40.813,-116.306,50449,Central Basin and Range,COLD DESERTS,NORTH AMERICAN DESERTS,2011-09,4.5609236379841205,12.6787852324115,300.51735345239797,2.56742674907673
NV4080011817320070706,2007,July,6,40.8,-118.17299999999999,58367,Central Basin and Range,COLD DESERTS,NORTH AMERICAN DESERTS,2007-07,7.14329592733562,11.2961284635002,306.84369766185,3.02734739334526
NV4082511602820060625,2006,June,25,40.825,-116.02799999999999,81760,Central Basin and Range,COLD DESERTS,NORTH AMERICAN DESERTS,2006-06,6.74476365433778,7.325033299177849,302.36445826350496,3.29708124713063
NV4094911623520110930,2011,Sept,30,41.133,-116.23700000000001,115891,Northern Basin and Range,COLD DESERTS,NORTH AMERICAN DESERTS,2011-09,4.484759461877929,5.72954659499743,299.716092608952,2.8502918250774902
NV4104111664720060903,2006,Sept,3,41.041000000000004,-116.647,153120,Central Basin and Range,COLD DESERTS,NORTH AMERICAN DESERTS,2006-09,4.45566408602145,11.5725556571222,297.777743646726,3.05990933774109
NV4108611692019990708,1999,July,8,41.086000000000006,-116.92,72638,Central Basin and Range,COLD DESERTS,NORTH AMERICAN DESERTS,1999-07,7.005319535382429,13.6461449383021,303.843352239715,3.5746289086938
NV4111111669020010812,2001,Aug,12,41.111000000000004,-116.69,73798,Central Basin and Range,COLD DESERTS,NORTH AMERICAN DESERTS,2001-08,6.31849336436903,11.2856531030351,305.67891542544896,2.97759559155244
NV4114511803919990804,1999,Aug,4,41.145,-118.039,128143,Central Basin and Range,COLD DESERTS,NORTH AMERICAN DESERTS,1999-08,6.021000846569099,20.202719116245802,302.42454280314,3.48226241526636
NV4115111737319960826,1996,Aug,26,41.151,-117.37299999999999,71058,Central Basin and Range,COLD DESERTS,NORTH AMERICAN DESERTS,1996-08,6.15578225445266,3.34601593457529,304.742048286822,2.9804693593820297
NV4120311652020050715,2005,July,15,41.203,-116.52,101118,Central Basin and Range,COLD DESERTS,NORTH AMERICAN DESERTS,2005-07,7.245672177694559,7.852987682102129,306.54674374895,3.0868576810181296
NV4122911799519850619,1985,June,19,41.229,-117.995,92482,Central Basin and Range,COLD DESERTS,NORTH AMERICAN DESERTS,1985-06,6.794944414081071,9.68731338495277,302.534363109156,3.2368282506938497
NV4123611474620000726,2000,July,26,41.236000000000004,-114.74600000000001,67886,Northern Basin and Range,COLD DESERTS,NORTH AMERICAN DESERTS,2000-07,6.59978082156991,5.191427919078519,302.902256818054,3.10689089099629
NV4142111667920060725,2006,July,25,41.42100000000001,-116.679,242873,Northern Basin and Range,COLD DESERTS,NORTH AMERICAN DESERTS,2006-07,6.697723734630849,9.68947804014014,304.636924791245,2.8190389827255897
NV4143111542120060815,2006,Aug,15,41.431000000000004,-115.421,154036,Central Basin and Range,COLD DESERTS,NORTH AMERICAN DESERTS,2006-08,6.43851798220142,4.61482499192358,303.207341945562,3.3654739110386496
NV4149011635520060903,2006,Sept,3,41.49,-116.355,105310,Northern Basin and Range,COLD DESERTS,NORTH AMERICAN DESERTS,2006-09,4.0534932747860495,14.9794426533951,296.501189414824,3.1635259062308503
NV4158311803020000717,2000,July,17,41.583,-118.03,69694,Northern Basin and Range,COLD DESERTS,NORTH AMERICAN DESERTS,2000-07,6.59978082156991,5.191427919078519,302.902256818054,3.10689089099629
NV4174011645420050715,2005,July,15,41.74,-116.454,50877,Northern Basin and Range,COLD DESERTS,NORTH AMERICAN DESERTS,2005-07,6.791516228214941,6.57964375129675,303.89604828112704,3.10391240810574
NV4175111790919850707,1985,July,7,41.751000000000005,-117.90899999999999,74645,Northern Basin and Range,COLD DESERTS,NORTH AMERICAN DESERTS,1985-07,6.5837466227902,22.921542866700698,303.99523096965197,2.9338144681006098
NV4175311853719990804,1999,Aug,4,41.753,-118.537,77045,Central Basin and Range,COLD DESERTS,NORTH AMERICAN DESERTS,1999-08,6.021000846569099,20.202719116245802,302.42454280314,3.48226241526636
NV4176911415120070718,2007,July,18,41.769,-114.15100000000001,159805,Northern Basin and Range,COLD DESERTS,NORTH AMERICAN DESERTS,2007-07,6.8917005828301106,7.49860937816368,305.383672114903,2.99019665005273
NV4182111527920080810,2008,Aug,10,41.821000000000005,-115.279,55098,Northern Basin and Range,COLD DESERTS,NORTH AMERICAN DESERTS,2008-08,6.025569298709691,4.87819876978725,301.86579164089403,3.4496562644873
NV4190411448120070706,2007,July,6,41.903999999999996,-114.48100000000001,63143,Northern Basin and Range,COLD DESERTS,NORTH AMERICAN DESERTS,2007-07,6.8917005828301106,7.49860937816368,305.383672114903,2.99019665005273
NV4193511485720070716,2007,July,16,41.935,-114.85700000000001,59642,Northern Basin and Range,COLD DESERTS,NORTH AMERICAN DESERTS,2007-07,6.8917005828301106,7.49860937816368,305.383672114903,2.99019665005273
NV4197311836620120805,2012,Aug,5,41.998000000000005,-118.24799999999999,457931,Northern Basin and Range,COLD DESERTS,NORTH AMERICAN DESERTS,2012-08,6.29969944318367,5.77109801524338,304.858453570157,3.04610407705696
NV4198511429920000817,2000,Aug,17,41.985,-114.29899999999999,56396,Northern Basin and Range,COLD DESERTS,NORTH AMERICAN DESERTS,2000-08,6.0698743049875095,6.369016637795581,302.64843491426,3.22723603567191
OK3431309744020090409,2009,April,9,34.313,-97.44,56584,Cross Timbers,SOUTH CENTRAL SEMI-ARID PRAIRIES,GREAT PLAINS,2009-04,5.345544923352509,122.94370465651801,297.132921562742,5.917005940219459
OK3595609643920120803,2012,Aug,3,36.046,-96.398,57116,Cross Timbers,SOUTH CENTRAL SEMI-ARID PRAIRIES,GREAT PLAINS,2012-08,7.344413958765769,68.2789488304058,310.038939004612,3.9154484352582903
OK3681409579220140223,2014,Feb,23,36.839,-95.79899999999999,51112,Central Irregular Plains,TEMPERATE PRAIRIES,GREAT PLAINS,2014-02,1.36506918137354,27.6349471575855,274.698572038798,4.64121685042622
OK3682209579220150330,2015,March,30,36.839,-95.79899999999999,52623,Central Irregular Plains,TEMPERATE PRAIRIES,GREAT PLAINS,2015-03,2.76922974064722,31.745332310373698,287.28758384183396,4.13897380112352
OK3686509648319960426,1996,April,26,36.865,-96.48299999999999,61651,Flint Hills,SOUTH CENTRAL SEMI-ARID PRAIRIES,GREAT PLAINS,1996-04,5.03169647652699,40.036457454069,293.66351875578204,5.76229385334083
OK3687309618819960426,1996,April,26,36.873000000000005,-96.18799999999999,57886,Cross Timbers,SOUTH CENTRAL SEMI-ARID PRAIRIES,GREAT PLAINS,1996-04,5.694048437886111,66.7110502084552,298.027154763101,5.3830024379671
OK3693709646520110411,2011,April,11,36.929,-96.476,65406,Flint Hills,SOUTH CENTRAL SEMI-ARID PRAIRIES,GREAT PLAINS,2011-04,4.97383148818309,59.3043265620244,295.482862750315,5.88804390954358
OK3699909895419960222,1996,Feb,22,36.999,-98.954,88943,Central Great Plains,SOUTH CENTRAL SEMI-ARID PRAIRIES,GREAT PLAINS,1996-02,2.87525279782394,1.84343312246162,285.897625649361,4.2876900837494905
OR4211012080120120806,2012,Aug,6,42.015,-120.681,91487,Eastern Cascades Slopes and Foothills,WESTERN CORDILLERA,NORTHWESTERN FORESTED MOUNTAINS,2012-08,6.149333344454969,2.0045529315067,303.316725924343,3.20443845254269
OR4232311875820060821,2006,Aug,21,42.323,-118.758,67854,Northern Basin and Range,COLD DESERTS,NORTH AMERICAN DESERTS,2006-08,5.86098501870518,4.72925380787472,301.123302446577,3.1591475849361603
OR4236212395219870830,1987,Aug,30,42.361999999999995,-123.95200000000001,96698,Klamath Mountains,WESTERN CORDILLERA,NORTHWESTERN FORESTED MOUNTAINS,1987-08,6.53855889992617,2.01443546966181,304.12459912662,3.4812459579995094
OR4239211789420120708,2012,July,8,42.428000000000004,-117.625,557620,Northern Basin and Range,COLD DESERTS,NORTH AMERICAN DESERTS,2012-07,6.83531442771631,8.31167218406653,304.444132269641,3.13368076401654
OR4244112390420020713,2002,July,13,42.441,-123.904,495308,Klamath Mountains,WESTERN CORDILLERA,NORTHWESTERN FORESTED MOUNTAINS,2002-07,7.02073342156704,1.64818361364882,304.467786669081,3.47225983938392
OR4263511759320010809,2001,Aug,9,42.635,-117.59299999999999,66990,Northern Basin and Range,COLD DESERTS,NORTH AMERICAN DESERTS,2001-08,6.0703205252425,3.4076521407852502,304.348003113863,2.9242507219122795
OR4281911917520120708,2012,July,8,42.88399999999999,-119.059,163356,Northern Basin and Range,COLD DESERTS,NORTH AMERICAN DESERTS,2012-07,6.83531442771631,8.31167218406653,304.444132269641,3.13368076401654
OR4295411972520010808,2001,Aug,8,42.95399999999999,-119.725,95148,Northern Basin and Range,COLD DESERTS,NORTH AMERICAN DESERTS,2001-08,6.0703205252425,3.4076521407852502,304.348003113863,2.9242507219122795
OR4300111780120060722,2006,July,22,43.001000000000005,-117.801,72071,Northern Basin and Range,COLD DESERTS,NORTH AMERICAN DESERTS,2006-07,6.697723734630849,9.68947804014014,304.636924791245,2.8190389827255897
OR4301812088720020712,2002,July,12,43.018,-120.887,56342,Eastern Cascades Slopes and Foothills,WESTERN CORDILLERA,NORTHWESTERN FORESTED MOUNTAINS,2002-07,6.590645187994269,4.72986668418011,302.690707211711,3.28796858770893
OR4332411821620140714,2014,July,14,43.284,-118.06299999999999,284065,Northern Basin and Range,COLD DESERTS,NORTH AMERICAN DESERTS,2014-07,6.7783446587680105,12.2937212543095,304.374320334718,3.2412873367391097
OR4362911838720140714,2014,July,14,43.503,-118.305,88679,Northern Basin and Range,COLD DESERTS,NORTH AMERICAN DESERTS,2014-07,6.7783446587680105,12.2937212543095,304.374320334718,3.2412873367391097
OR4382211938920070706,2007,July,6,43.821999999999996,-119.389,139515,Blue Mountains,WESTERN CORDILLERA,NORTHWESTERN FORESTED MOUNTAINS,2007-07,6.58267708752085,6.09054403851472,303.866532458383,2.99103521440786
OR4415511718820000714,2000,July,14,44.155,-117.18799999999999,80733,Snake River Plain,COLD DESERTS,NORTH AMERICAN DESERTS,2000-07,6.81637242190826,5.24723159485868,305.123961664087,3.11249992196689
OR4426911945020140801,2014,Aug,1,44.273999999999994,-119.456,66743,Blue Mountains,WESTERN CORDILLERA,NORTHWESTERN FORESTED MOUNTAINS,2014-08,5.14091337232066,28.2359383046024,299.815294263947,2.9716067398834105
OR4428411896120150812,2015,Aug,12,44.301,-118.85,109786,Blue Mountains,WESTERN CORDILLERA,NORTHWESTERN FORESTED MOUNTAINS,2015-08,5.786587447118309,4.930944414017481,301.063350461244,3.26393206879132
OR4451112177120030819,2003,Aug,19,44.511,-121.771,91281,Cascades,WESTERN CORDILLERA,NORTHWESTERN FORESTED MOUNTAINS,2003-08,4.90682783102136,15.942025591735801,298.30589158552397,2.97991201234702
OR4458511775220150810,2015,Aug,10,44.592,-117.728,102553,Blue Mountains,WESTERN CORDILLERA,NORTHWESTERN FORESTED MOUNTAINS,2015-08,5.786587447118309,4.930944414017481,301.063350461244,3.26393206879132
OR4481412123520130720,2013,July,20,44.881,-121.178,50028,Blue Mountains,WESTERN CORDILLERA,NORTHWESTERN FORESTED MOUNTAINS,2013-07,6.5280555539579,6.67136469939259,302.888696622348,2.88867794156296
OR4483012137720150812,2015,Aug,12,44.82899999999999,-121.39,70908,Blue Mountains,WESTERN CORDILLERA,NORTHWESTERN FORESTED MOUNTAINS,2015-08,5.786587447118309,4.930944414017481,301.063350461244,3.26393206879132
OR4490111693120060723,2006,July,23,44.901,-116.931,52496,Blue Mountains,WESTERN CORDILLERA,NORTHWESTERN FORESTED MOUNTAINS,2006-07,6.5053023233365295,8.32834572368742,303.000341957079,2.90621958003478
OR4493112043020110824,2011,Aug,24,44.996,-120.421,71495,Columbia Plateau,COLD DESERTS,NORTH AMERICAN DESERTS,2011-08,5.78563674612794,0.97901280628004,303.408070829901,3.15082396748877
OR4495611940720070712,2007,July,12,44.956,-119.40700000000001,54572,Blue Mountains,WESTERN CORDILLERA,NORTHWESTERN FORESTED MOUNTAINS,2007-07,6.58267708752085,6.09054403851472,303.866532458383,2.99103521440786
OR4503511869219960814,1996,Aug,14,45.035,-118.69200000000001,50827,Blue Mountains,WESTERN CORDILLERA,NORTHWESTERN FORESTED MOUNTAINS,1996-08,5.478796675348719,8.10195275093469,300.682909078875,3.2239323026356805
OR4503712107920110824,2011,Aug,24,44.97,-121.024,65350,Columbia Plateau,COLD DESERTS,NORTH AMERICAN DESERTS,2011-08,5.78563674612794,0.97901280628004,303.408070829901,3.15082396748877
OR4556011656419960802,1996,Aug,2,45.56,-116.564,50250,Blue Mountains,WESTERN CORDILLERA,NORTHWESTERN FORESTED MOUNTAINS,1996-08,5.478796675348719,8.10195275093469,300.682909078875,3.2239323026356805
OR4585811691019880825,1988,Aug,25,45.858000000000004,-116.91,59565,Blue Mountains,WESTERN CORDILLERA,NORTHWESTERN FORESTED MOUNTAINS,1988-08,5.64958899628811,8.7595430070762,300.77836168727697,3.1550584915636803
OR4598611692820120820,2012,Aug,20,45.905,-116.899,75521,Blue Mountains,WESTERN CORDILLERA,NORTHWESTERN FORESTED MOUNTAINS,2012-08,5.91484715662271,0.22084871050541,303.159663259629,2.96496368479351
SD4381510387820000824,2000,Aug,24,43.815,-103.87799999999999,82298,Middle Rockies,WESTERN CORDILLERA,NORTHWESTERN FORESTED MOUNTAINS,2000-08,5.3727338159705305,19.0587664165508,297.818613336661,3.85036456259304
TX2671309823220080318,2008,March,18,26.703000000000003,-98.23,58395,Western Gulf Coastal Plain,TEXAS-LOUISIANA COASTAL PLAIN,GREAT PLAINS,2008-03,4.37373935877128,50.10107961309979,297.725260137289,5.4508997505789605
TX2993910441119980530,1998,May,30,29.956999999999997,-104.416,51763,Chihuahuan Desert,WARM DESERTS,NORTH AMERICAN DESERTS,1998-05,7.82720539148798,2.5044214893423797,306.112739080533,3.99620800062824
TX3016310124720110425,2011,April,25,30.217,-101.24,167598,Edwards Plateau,SOUTH CENTRAL SEMI-ARID PRAIRIES,GREAT PLAINS,2011-04,8.018183764465329,10.765618544022699,304.99271572434,5.882754661811639
TX3023910292920110507,2011,May,7,30.26,-102.816,80788,Chihuahuan Desert,WARM DESERTS,NORTH AMERICAN DESERTS,2011-05,7.97156596508257,1.1925257699062901,303.403072608392,4.63082338318067
TX3031210406220110409,2011,April,9,30.623,-103.936,299170,Chihuahuan Desert,WARM DESERTS,NORTH AMERICAN DESERTS,2011-04,7.47465037494112,0.284785475932371,301.91341251998,5.005273907373151
TX3036010327120110509,2011,May,9,30.44,-103.12299999999999,85016,Chihuahuan Desert,WARM DESERTS,NORTH AMERICAN DESERTS,2011-05,7.97156596508257,1.1925257699062901,303.403072608392,4.63082338318067
TX3067110235120080430,2008,April,30,30.671,-102.351,84897,Chihuahuan Desert,WARM DESERTS,NORTH AMERICAN DESERTS,2008-04,6.803522084070639,0.659177124300962,300.169457394832,4.43710029117286
TX3160710111020080225,2008,Feb,25,31.607,-101.11,196945,Edwards Plateau,SOUTH CENTRAL SEMI-ARID PRAIRIES,GREAT PLAINS,2008-02,4.09794598184983,4.02486712846471,295.153710109472,4.80966076559179
TX3179610058220110411,2011,April,11,31.73,-100.46799999999999,150157,Edwards Plateau,SOUTH CENTRAL SEMI-ARID PRAIRIES,GREAT PLAINS,2011-04,8.018183764465329,10.765618544022699,304.99271572434,5.882754661811639
TX3207810046020110620,2011,June,20,32.172,-100.447,71857,Edwards Plateau,SOUTH CENTRAL SEMI-ARID PRAIRIES,GREAT PLAINS,2011-06,9.18640124603722,14.8833644587602,310.442705954734,5.801179090980621
TX3238310102720110414,2011,April,14,32.225,-102.928,106253,High Plains,SOUTH CENTRAL SEMI-ARID PRAIRIES,GREAT PLAINS,2011-04,5.60153987696829,26.728896596101,294.890058313484,5.26883418388123
TX3238510242020110227,2011,Feb,27,32.385999999999996,-102.286,64786,High Plains,SOUTH CENTRAL SEMI-ARID PRAIRIES,GREAT PLAINS,2011-02,2.63517520420293,9.13096005376631,283.116533073373,4.6752527978242195
TX3269409941719880312,1988,March,12,32.702,-99.38600000000001,209377,Central Great Plains,SOUTH CENTRAL SEMI-ARID PRAIRIES,GREAT PLAINS,1988-03,3.5245366272042,39.8235538399191,288.750768615398,4.91951580463156
TX3289209866620110413,2011,April,13,32.786,-98.49600000000001,128548,Cross Timbers,SOUTH CENTRAL SEMI-ARID PRAIRIES,GREAT PLAINS,2011-04,7.5724083929705195,77.7722315349223,303.817163957957,6.225026268585251
TX3298710081820110411,2011,April,11,32.927,-100.64299999999999,157855,Southwestern Tablelands,SOUTH CENTRAL SEMI-ARID PRAIRIES,GREAT PLAINS,2011-04,6.3962639804956,10.0548778159606,297.239894216953,5.44124713922271
TX3328510032520110406,2011,April,6,33.384,-100.17200000000001,136789,Southwestern Tablelands,SOUTH CENTRAL SEMI-ARID PRAIRIES,GREAT PLAINS,2011-04,6.3962639804956,10.0548778159606,297.239894216953,5.44124713922271
TX3354510075720110507,2011,May,7,33.53,-100.611,90808,Southwestern Tablelands,SOUTH CENTRAL SEMI-ARID PRAIRIES,GREAT PLAINS,2011-05,7.22818284487867,15.584469209501801,299.24050490364897,5.1893975718588
TX3551510078020060312,2006,March,12,35.515,-100.78,593364,Southwestern Tablelands,SOUTH CENTRAL SEMI-ARID PRAIRIES,GREAT PLAINS,2006-03,4.01761887338557,22.7286693483591,289.654673986218,5.0807135218261
UT3716911391620050623,2005,June,23,37.169000000000004,-113.916,58767,Mojave Basin and Range,WARM DESERTS,NORTH AMERICAN DESERTS,2005-06,8.49767177736911,2.04854116011536,306.043846830384,4.19065287430392
UT3793611217320020531,2002,May,31,37.936,-112.17299999999999,81854,Wasatch and Uinta Mountains,WESTERN CORDILLERA,NORTHWESTERN FORESTED MOUNTAINS,2002-05,5.00830726265787,23.055438971223897,290.14844822886903,3.90458073511091
UT3868911273920070706,2007,July,6,38.689,-112.73899999999999,348772,Central Basin and Range,COLD DESERTS,NORTH AMERICAN DESERTS,2007-07,7.14329592733562,11.2961284635002,306.84369766185,3.02734739334526
UT3932911237920120627,2012,June,27,39.431,-112.258,107391,Central Basin and Range,COLD DESERTS,NORTH AMERICAN DESERTS,2012-06,7.325377920328621,1.20067741589747,301.19599103754297,4.15606798655729
UT3972411225419990702,1999,July,2,39.724000000000004,-112.25399999999999,64598,Central Basin and Range,COLD DESERTS,NORTH AMERICAN DESERTS,1999-07,7.005319535382429,13.6461449383021,303.843352239715,3.5746289086938
UT3978911229219960802,1996,Aug,2,39.789,-112.292,161188,Central Basin and Range,COLD DESERTS,NORTH AMERICAN DESERTS,1996-08,6.15578225445266,3.34601593457529,304.742048286822,2.9804693593820297
WA4606911776320150814,2015,Aug,14,46.008,-117.61200000000001,79418,Blue Mountains,WESTERN CORDILLERA,NORTHWESTERN FORESTED MOUNTAINS,2015-08,5.786587447118309,4.930944414017481,301.063350461244,3.26393206879132
WA4613412137420150811,2015,Aug,11,46.18,-121.37799999999999,51866,Cascades,WESTERN CORDILLERA,NORTHWESTERN FORESTED MOUNTAINS,2015-08,5.21588330604857,26.3883165582503,298.295951194723,3.45480772849071
WA4616811780620060821,2006,Aug,21,46.168,-117.806,118865,Blue Mountains,WESTERN CORDILLERA,NORTHWESTERN FORESTED MOUNTAINS,2006-08,5.47693630555576,9.55225584209094,299.747264758279,3.04007217644889
WA4628511761620050805,2005,Aug,5,46.285,-117.616,51701,Columbia Plateau,COLD DESERTS,NORTH AMERICAN DESERTS,2005-08,5.950005490376589,3.2159664386620803,303.688790765726,3.1795893347739703
WA4645511957720000607,2000,June,7,46.455,-119.57700000000001,162313,Columbia Plateau,COLD DESERTS,NORTH AMERICAN DESERTS,2000-06,5.8038345912394105,19.1527036825228,298.76258669438,3.7612346850528597
WA4648111969720070816,2007,Aug,16,46.481,-119.697,77956,Columbia Plateau,COLD DESERTS,NORTH AMERICAN DESERTS,2007-08,5.50137137880134,8.5206143500002,301.793520550467,3.2214179435322303
WA4724812058320120908,2012,Sept,8,47.288999999999994,-120.531,65887,Eastern Cascades Slopes and Foothills,WESTERN CORDILLERA,NORTHWESTERN FORESTED MOUNTAINS,2012-09,4.63136648720595,0.325318336864394,299.847290328293,3.0145658108626603
WA4729912010620130727,2013,July,27,47.18,-120.135,79279,Columbia Plateau,COLD DESERTS,NORTH AMERICAN DESERTS,2013-07,7.08400916254004,3.73224732110159,305.645604535997,3.1555396620881404
WA4781512037419940724,1994,July,24,47.815,-120.374,123618,North Cascades,WESTERN CORDILLERA,NORTHWESTERN FORESTED MOUNTAINS,1994-07,5.228834392382531,30.678738593162,296.617672043311,3.07068111747709
WA4791211911620120908,2012,Sept,8,48.013999999999996,-119.209,85906,Columbia Plateau,COLD DESERTS,NORTH AMERICAN DESERTS,2012-09,4.193154864623961,0.167272045072349,300.569657718306,2.78414806543639
WA4800511820420150815,2015,Aug,15,48.05,-118.09100000000001,62488,Columbia Mountains/Northern Rockies,WESTERN CORDILLERA,NORTHWESTERN FORESTED MOUNTAINS,2015-08,5.55260978892083,13.1110608202325,300.272606929465,3.5846125283284103
WA4805112011320150814,2015,Aug,14,47.976000000000006,-120.053,61379,North Cascades,WESTERN CORDILLERA,NORTHWESTERN FORESTED MOUNTAINS,2015-08,4.42011866619088,79.648831689011,294.92961379084596,3.4504849589413498
WA4816212046320010812,2001,Aug,12,48.162,-120.463,54456,North Cascades,WESTERN CORDILLERA,NORTHWESTERN FORESTED MOUNTAINS,2001-08,4.0952604093417,58.6338278434914,295.33742735977796,3.13599563713007
WA4821112010220140714,2014,July,14,48.248000000000005,-119.96,276091,North Cascades,WESTERN CORDILLERA,NORTHWESTERN FORESTED MOUNTAINS,2014-07,5.077613595889059,41.458603433389605,296.70124044633303,3.0569301212141298
WA4822612066620150629,2015,June,29,48.129,-120.65700000000001,66329,North Cascades,WESTERN CORDILLERA,NORTHWESTERN FORESTED MOUNTAINS,2015-06,5.1386306486611595,18.033576006162,295.15315905436796,2.9583820177031703
WA4833811900220150813,2015,Aug,13,48.415,-118.94,218547,Columbia Mountains/Northern Rockies,WESTERN CORDILLERA,NORTHWESTERN FORESTED MOUNTAINS,2015-08,5.55260978892083,13.1110608202325,300.272606929465,3.5846125283284103
WA4852611946320150814,2015,Aug,14,48.478,-119.339,180111,Columbia Mountains/Northern Rockies,WESTERN CORDILLERA,NORTHWESTERN FORESTED MOUNTAINS,2015-08,5.55260978892083,13.1110608202325,300.272606929465,3.5846125283284103
WA4853211998720060724,2006,July,24,48.532,-119.98700000000001,59712,North Cascades,WESTERN CORDILLERA,NORTHWESTERN FORESTED MOUNTAINS,2006-07,5.12885641165162,21.233547139000603,296.104967371652,2.94442311835601
WA4857111968120150814,2015,Aug,14,48.507,-119.694,137098,North Cascades,WESTERN CORDILLERA,NORTHWESTERN FORESTED MOUNTAINS,2015-08,4.42011866619088,79.648831689011,294.92961379084596,3.4504849589413498
WA4875611846220150811,2015,Aug,11,48.842,-118.40899999999999,54119,Columbia Mountains/Northern Rockies,WESTERN CORDILLERA,NORTHWESTERN FORESTED MOUNTAINS,2015-08,5.55260978892083,13.1110608202325,300.272606929465,3.5846125283284103
WA4883712016920030630,2003,June,30,48.836999999999996,-120.169,77444,North Cascades,WESTERN CORDILLERA,NORTHWESTERN FORESTED MOUNTAINS,2003-06,4.81422959086683,24.4683688556975,292.566534887923,3.5734832777157597
WA4884111998320060703,2006,July,3,48.841,-119.98299999999999,115123,North Cascades,WESTERN CORDILLERA,NORTHWESTERN FORESTED MOUNTAINS,2006-07,5.12885641165162,21.233547139000603,296.104967371652,2.94442311835601
WV3791108213719871107,1987,Nov,7,37.911,-82.137,61231,Central Appalachians,OZARK/OUACHITA-APPALACHIAN FORESTS,EASTERN TEMPERATE FORESTS,1987-11,2.05123715159277,67.8118929188941,286.742302566501,4.816839823332
WY4220110549020120627,2012,June,27,42.214,-105.406,100043,Southern Rockies,WESTERN CORDILLERA,NORTHWESTERN FORESTED MOUNTAINS,2012-06,6.62376901515888,7.33323938568518,297.803877172066,4.2738786228182
WY4243611062020120624,2012,June,24,42.533,-110.52,58125,Middle Rockies,WESTERN CORDILLERA,NORTHWESTERN FORESTED MOUNTAINS,2012-06,5.30374130887171,29.4377781384549,293.127899887731,4.8931807071534905
WY4354410851720000807,2000,Aug,7,43.544,-108.51700000000001,141128,Wyoming Basin,COLD DESERTS,NORTH AMERICAN DESERTS,2000-08,5.46918354574654,16.1921849887673,301.867072573599,3.1759821805236697
WY4376410782819960825,1996,Aug,25,43.763999999999996,-107.82799999999999,53211,Wyoming Basin,COLD DESERTS,NORTH AMERICAN DESERTS,1996-08,5.5769570466884995,9.72139464768441,301.54011180655,3.14738833741477
WY4389710429420120629,2012,June,29,43.993,-104.3,63182,Middle Rockies,WESTERN CORDILLERA,NORTHWESTERN FORESTED MOUNTAINS,2012-06,5.30374130887171,29.4377781384549,293.127899887731,4.8931807071534905
WY4415711051919880711,1988,July,11,44.157,-110.51899999999999,565990,Middle Rockies,WESTERN CORDILLERA,NORTHWESTERN FORESTED MOUNTAINS,1988-07,6.28073108890804,13.365653249361902,299.740076312347,3.6785014602695503
WY4454310947320080726,2008,July,26,44.543,-109.473,69730,Middle Rockies,WESTERN CORDILLERA,NORTHWESTERN FORESTED MOUNTAINS,2008-07,5.9810172416022995,20.2014857245207,297.954065874576,3.7550839600142902
WY4470811082119880722,1988,July,22,44.708,-110.821,565116,Middle Rockies,WESTERN CORDILLERA,NORTHWESTERN FORESTED MOUNTAINS,1988-07,6.28073108890804,13.365653249361902,299.740076312347,3.6785014602695503
WY4491210990219880711,1988,July,11,44.912,-109.902,354075,Middle Rockies,WESTERN CORDILLERA,NORTHWESTERN FORESTED MOUNTAINS,1988-07,6.28073108890804,13.365653249361902,299.740076312347,3.6785014602695503
